-- Wstawianie danych do tabeli post
INSERT INTO post (title, description, language, created_at, updated_at) VALUES
('AI Revolution', 'How AI is changing the world', 'EN', '1992-05-05 00:00:01', '2025-04-11'),
('Sztuczna Inteligencja', 'Wpływ AI na rynek pracy', 'PO', '2024-01-01', '2024-01-01'),
('Future of Space Travel', 'Elon Musk’s vision for Mars', 'EN', '1992-05-05', NOW()),
('Niepokój czy nadzieja - Sztuczna inteligencja', 'Wpływ AI na życie codzienne obywateli III RP', 'PO', NOW(), NOW()),
('Future of Electric Cars', 'Elon Musk’s vision for Tesla', 'EN', NOW(), NOW()),
('Die Auswirkungen der KI auf den Alltag der Bürger der Dritten Polnischen Republik', 'Die Auswirkungen der KI auf den Arbeitsmarkt', 'GE', NOW(), NOW()),
('Die Zukunft der Elektroautos', 'Elon Musk’s vision for Tesla auf Deutsch', 'GE', NOW(), NOW()),
('Neural Networks Explained', 'Basics of neural networks', 'EN', NOW(), NOW()),
('AI in Healthcare', 'How AI is revolutionizing medicine', 'EN', NOW(), NOW()),
('Tesla Autopilot Advances', 'Newest updates in self-driving tech', 'EN', NOW(), NOW()),
('Mars Colony Plans', 'Steps to colonize Mars by 2030', 'EN', NOW(), NOW()),
('Polska a AI', 'Rozwój AI w Polsce', 'PO', NOW(), NOW()),
('Autonomiczne pojazdy', 'Przyszłość transportu', 'PO', NOW(), NOW()),
('KI und Wirtschaft', 'Wie KI den Markt verändert', 'GE', NOW(), NOW()),
('SpaceX und der Mond', 'Pläne zur Mondbasis', 'GE', NOW(), NOW()),
('AI and Climate Change', 'How AI helps monitor climate', 'EN', NOW(), NOW()),
('Sztuczna inteligencja a edukacja', 'Zmiany w nauczaniu dzięki AI', 'PO', NOW(), NOW()),
('AI and Cybersecurity', 'Protecting data with machine learning', 'EN', NOW(), NOW()),
('Künstliche Intelligenz in der Medizin', 'Chancen und Risiken', 'GE', NOW(), NOW()),
('Musk on AI Risks', 'Why Elon thinks AI is dangerous', 'EN', NOW(), NOW()),
('AI and Ethics', 'Moral questions around AI', 'EN', NOW(), NOW()),
('Przyszłość AI w Polsce', 'Debaty ekspertów', 'PO', NOW(), NOW()),
('Neuralink Developments', 'Progress on brain-computer interface', 'EN', NOW(), NOW()),
('AI in Journalism', 'Automated news generation', 'EN', NOW(), NOW()),
('Smart Cities', 'How AI is changing urban life', 'EN', NOW(), NOW()),
('Robotyka w przemyśle', 'Automatyzacja linii produkcyjnych', 'PO', NOW(), NOW()),
('E-Mobilität der Zukunft', 'Nachhaltiger Transport', 'GE', NOW(), NOW()),
('Data Science vs AI', 'What’s the difference?', 'EN', NOW(), NOW()),
('Leczenie z pomocą AI', 'Nowoczesna diagnostyka', 'PO', NOW(), NOW()),
('Zukunft von OpenAI', 'Wo geht es hin?', 'GE', NOW(), NOW()),
('AI in Law', 'How algorithms assist lawyers', 'EN', NOW(), NOW()),
('Musk i przyszłość AI', 'Wizja Elona', 'PO', NOW(), NOW()),
('Robot Assistants', 'Household robots in 2030', 'EN', NOW(), NOW()),
('Ethische Fragen zu KI', 'Darf ein Algorithmus urteilen?', 'GE', NOW(), NOW()),
('Deep Learning Breakthroughs', 'What changed in 2024?', 'EN', NOW(), NOW()),
('Wirtualni nauczyciele', 'AI w szkołach', 'PO', NOW(), NOW()),
('Musk on Mars Laws', 'Who governs Mars?', 'EN', NOW(), NOW()),
('Künstliche Intelligenz und Kunst', 'Kreativität neu definiert', 'GE', NOW(), NOW()),
('AI Startups to Watch', 'Top 5 AI startups of 2025', 'EN', NOW(), NOW()),
('Autonomous Delivery', 'Robots at your doorstep', 'EN', NOW(), NOW()),
('Elon Musk AMA Highlights', 'Reddit Q&A summary', 'EN', NOW(), NOW()),
('Nowe technologie w rolnictwie', 'AI na polu', 'PO', NOW(), NOW()),
('Deutschlands KI-Strategie', 'Pläne für 2030', 'GE', NOW(), NOW()),
('Augmented Reality + AI', 'Merging two powerful tools', 'EN', NOW(), NOW()),
('AI vs. Human Creativity', 'Can machines create art?', 'EN', NOW(), NOW()),
('Tesla Energy Plans', 'Elon on sustainable energy', 'EN', NOW(), NOW()),
('Sztuczna inteligencja w prawie', 'Pomoc w analizie dokumentów', 'PO', NOW(), NOW()),
('How AI Writes Code', 'Tools like Copilot explained', 'EN', NOW(), NOW()),
('SpaceX Mission Updates', 'What’s launching in 2025', 'EN', NOW(), NOW()),
('Elon’s Book List', 'What he’s reading lately', 'EN', NOW(), NOW()),
('KI und Bildung', 'Wie Schulen sich anpassen', 'GE', NOW(), NOW())
;

-- Wstawianie danych do tabeli author
INSERT INTO author (post_id, name, surname) VALUES
(1, 'John', 'Doe'),
(2, 'Anna', 'Kowalska'),
(3, 'Elon', 'Musk'),
(8, 'Maria', 'Nowak'),
(9, 'Klaus', 'Schmidt'),
(10, 'Sara', 'Smith'),
(11, 'Tomasz', 'Lis'),
(12, 'Anna', 'Kowalska'),
(13, 'Elon', 'Musk'),
(14, 'Elon', 'Musk'),
(15, 'Anna', 'Kowalska'),
(16, 'Elon', 'Musk'),
(17, 'Elon', 'Musk'),
(18, 'John', 'Doe'),
(19, 'Klaus', 'Schmidt'),
(20, 'Elon', 'Musk'),
(21, 'Anna', 'Kowalska'),
(22, 'Elon', 'Musk'),
(23, 'Elon', 'Musk'),
(24, 'Sara', 'Smith'),
(25, 'Elon', 'Musk'),
(26, 'Elon', 'Musk'),
(27, 'Elon', 'Musk'),
(28, 'Anna', 'Kowalska'),
(29, 'Elon', 'Musk'),
(30, 'Klaus', 'Schmidt'),
(31, 'Elon', 'Musk'),
(32, 'Elon', 'Musk'),
(33, 'Elon', 'Musk'),
(34, 'Maria', 'Nowak'),
(35, 'Klaus', 'Schmidt'),
(36, 'Elon', 'Musk'),
(37, 'John', 'Doe'),
(38, 'Elon', 'Musk'),
(39, 'Elon', 'Musk'),
(40, 'Anna', 'Kowalska'),
(41, 'Elon', 'Musk'),
(42, 'Elon', 'Musk'),
(43, 'Elon', 'Musk'),
(44, 'Anna', 'Kowalska'),
(45, 'Klaus', 'Schmidt'),
(46, 'Elon', 'Musk'),
(47, 'Elon', 'Musk'),
(48, 'Elon', 'Musk'),
(49, 'Elon', 'Musk'),
(50, 'Klaus', 'Schmidt');


-- Wstawianie danych do tabeli post_author
INSERT INTO post_author (post_id, author_id) VALUES
(1, 1),  -- John Doe pisał "AI Revolution"
(2, 2),  -- Anna Kowalska pisała "Sztuczna Inteligencja"
(3, 3), -- Elon Musk pisał "Future of Space Travel"
(4, 2),
(5, 3),
(6, 2),
(7, 3),
(8, 4), (9, 5), (10, 6), (11, 7), (12, 2),
(13, 3), (14, 3), (15, 2), (16, 3), (17, 3),
(18, 1), (19, 5), (20, 3), (21, 2), (22, 3),
(23, 3), (24, 6), (25, 3), (26, 3), (27, 3),
(28, 2), (29, 3), (30, 5), (31, 3), (32, 3),
(33, 3), (34, 4), (35, 5), (36, 3), (37, 1),
(38, 3), (39, 3), (40, 2), (41, 3), (42, 3),
(43, 3), (44, 2), (45, 5), (46, 3), (47, 3),
(48, 3), (49, 3), (50, 5);